site,type,q_i
1,N,0.7824283214696184
2,C,1.0844756892021312
3,C,0.9954101552493871
4,C,1.0577999896273425
5,C,0.995410155249387
6,C,1.0844756892021312
